condition,agent_ratio,round,player_id,player_type,expression
Pure-human (0%),0,36,human_8,human,"an abstract gray rabbit, consisting of geometries, sits on the floor, looking backward."
Pure-human (0%),0,37,human_8,human,"an abstract gray rabbit, consisting of geometries, sits on the floor, looking backward."
Pure-human (0%),0,38,human_8,human,"an abstract gray rabbit, consisting of geometries, sits on the floor, looking backward."
Pure-human (0%),0,39,human_8,human,"an abstract gray rabbit, consisting of geometries, sits on the floor, looking backward."
Pure-human (0%),0,40,human_8,human,"an abstract gray rabbit, consisting of geometries, sits on the floor, looking backward."
Pure-human (0%),0,36,human_15,human,a grey rabbit is sitting on the ground and looking back in the night.
Pure-human (0%),0,37,human_15,human,a grey rabbit is sitting on the ground and looking back
Pure-human (0%),0,38,human_15,human,a grey rabbit is sitting on the ground and looking back
Pure-human (0%),0,39,human_15,human,a grey rabbit with two ears is sitting on the ground and looking back
Pure-human (0%),0,40,human_15,human,a grey rabbit with two ears is sitting on the ground and looking back
Pure-human (0%),0,36,human_7,human,it looks like a rabbit is sitting there and looking back
Pure-human (0%),0,37,human_7,human,it looks like a rabbit is sitting there and looking back
Pure-human (0%),0,38,human_7,human,it looks like a rabbit is sitting there and looking back
Pure-human (0%),0,39,human_7,human,it looks like a rabbit is sitting there and looking back
Pure-human (0%),0,40,human_7,human,it looks like a rabbit is sitting there and looking back
Pure-human (0%),0,36,human_14,human,a gray rabbit sitting on the ground to rest and looking back
Pure-human (0%),0,37,human_14,human,"a rabbit made of geometric shapes, sitting on the ground to rest, looking back"
Pure-human (0%),0,38,human_14,human,a rabbit made of geometric shapes looking back at its tail
Pure-human (0%),0,39,human_14,human,a small animal made of geometric shapes looks back sadly
Pure-human (0%),0,40,human_14,human,a little rabbit looks back sadly
Pure-human (0%),0,36,human_23,human,a rabbit hidden in the darkness made of tangram
Pure-human (0%),0,37,human_23,human,"a rabbit hidden in the darkness, made of tangram, is looking down at its tail"
Pure-human (0%),0,38,human_23,human,this is an abstract artwork modeled after the image of a rabbit
Pure-human (0%),0,39,human_23,human,this is a squatting rabbit image made of tangram
Pure-human (0%),0,40,human_23,human,a rabbit made of tangram is squatting in the dark night
Pure-human (0%),0,36,human_6,human,"a grey rabbit with two ears, made of abstract geometric patterns, is curled up on the ground and looking back, waiting for a companion in loneliness while resting."
Pure-human (0%),0,37,human_6,human,"a grey rabbit with two ears, made of abstract geometric patterns, is curled up on the ground and looking back, waiting for a companion in loneliness while resting."
Pure-human (0%),0,38,human_6,human,"a grey rabbit with two ears, made of abstract geometric patterns, is curled up on the ground and looking back, waiting for a companion in loneliness while resting."
Pure-human (0%),0,39,human_6,human,"a grey rabbit with two ears, made of abstract geometric patterns, is curled up on the floor and looking back, waiting for a companion in loneliness while resting."
Pure-human (0%),0,40,human_6,human,"a grey rabbit with two ears, made of abstract geometric patterns, is curled up on the ground and looking back, waiting for a companion in loneliness while resting."
Pure-human (0%),0,36,human_13,human,a grey rabbit is sitting and looking backward.
Pure-human (0%),0,37,human_13,human,a grey rabbit is sitting and looking backward.
Pure-human (0%),0,38,human_13,human,a grey rabbit is sitting and looking backward.
Pure-human (0%),0,39,human_13,human,a grey rabbit is sitting and looking backward.
Pure-human (0%),0,40,human_13,human,a grey rabbit is sitting and looking backward.
Pure-human (0%),0,36,human_0,human,a rabbit is relaxing leisurely
Pure-human (0%),0,37,human_0,human,a rabbit is relaxing leisurely
Pure-human (0%),0,38,human_0,human,a rabbit is relaxing leisurely
Pure-human (0%),0,39,human_0,human,a rabbit is relaxing leisurely
Pure-human (0%),0,40,human_0,human,a rabbit is relaxing leisurely
Pure-human (0%),0,36,human_17,human,a rabbit with abtract shapes is looking back
Pure-human (0%),0,37,human_17,human,a cute rabbit is looking backward
Pure-human (0%),0,38,human_17,human,a cute rabbit is looking at its tail
Pure-human (0%),0,39,human_17,human,an abstract rabbit is looking backward
Pure-human (0%),0,40,human_17,human,a rabbit is looking back
Pure-human (0%),0,36,human_16,human,a rabbit looking backward
Pure-human (0%),0,37,human_16,human,a rabbit looking backward
Pure-human (0%),0,38,human_16,human,a rabbit looking backward
Pure-human (0%),0,39,human_16,human,a rabbit looking backward
Pure-human (0%),0,40,human_16,human,a rabbit looking backward
Pure-human (0%),0,36,human_4,human,a rabbit looking backward
Pure-human (0%),0,37,human_4,human,a rabbit looking backward
Pure-human (0%),0,38,human_4,human,a rabbit looking backward
Pure-human (0%),0,39,human_4,human,a rabbit looking backward
Pure-human (0%),0,40,human_4,human,a rabbit looking backward
Pure-human (0%),0,36,human_1,human,a grey rabbit sitting and looking backward.
Pure-human (0%),0,37,human_1,human,a grey rabbit sitting and looking backward.
Pure-human (0%),0,38,human_1,human,a grey rabbit sitting and looking backward.
Pure-human (0%),0,39,human_1,human,a grey rabbit sitting and looking backward.
Pure-human (0%),0,40,human_1,human,a grey rabbit sitting and looking backward.
Pure-human (0%),0,36,human_5,human,"a rabbit with two ears is sitting resting on the ground, looking backward."
Pure-human (0%),0,37,human_5,human,"a rabbit with two ears is sitting resting on the ground, looking backward."
Pure-human (0%),0,38,human_5,human,"a rabbit with two ears is sitting resting on the ground, looking backward."
Pure-human (0%),0,39,human_5,human,"a rabbit with two ears is sitting resting on the ground, looking backward."
Pure-human (0%),0,40,human_5,human,"a rabbit with two ears is sitting resting on the ground, looking backward."
Pure-human (0%),0,36,human_20,human,a rabbit sits on the floor and looks backward.
Pure-human (0%),0,37,human_20,human,a rabbit sits on the floor and looks backward.
Pure-human (0%),0,38,human_20,human,a rabbit sits on the floor and looks backward.
Pure-human (0%),0,39,human_20,human,a rabbit sits on the floor and looks backward.
Pure-human (0%),0,40,human_20,human,a rabbit sits on the floor and looks backward.
Pure-human (0%),0,36,human_11,human,"a rabbit with two ears, composed of gray geometric shapes,is sitting and resting on the ground, looking back,with its legs curled up."
Pure-human (0%),0,37,human_11,human,"a rabbit with two ears, composed of gray geometric shapes,is sitting and resting on the ground, looking back,with its legs curled up."
Pure-human (0%),0,38,human_11,human,"a rabbit with two ears, composed of gray geometric shapes,is sitting and resting on the ground, looking back,with its legs curled up."
Pure-human (0%),0,39,human_11,human,"a rabbit with two ears, composed of gray geometric shapes,is sitting and resting on the ground, looking back,with its legs curled up."
Pure-human (0%),0,40,human_11,human,"a rabbit with two ears, composed of gray geometric shapes,is sitting and resting on the ground, looking back,with its legs curled up."
Pure-human (0%),0,36,human_19,human,a rabbit looking backward
Pure-human (0%),0,37,human_19,human,a rabbit looking backward
Pure-human (0%),0,38,human_19,human,a rabbit looking backward
Pure-human (0%),0,39,human_19,human,a rabbit looking backward
Pure-human (0%),0,40,human_19,human,a rabbit looking backward
Pure-human (0%),0,36,human_10,human,a little gray rabbit with two ears is resting on the grass and looking at its tail.
Pure-human (0%),0,37,human_10,human,a little gray rabbit with two ears is resting on the grass and looking at its tail.
Pure-human (0%),0,38,human_10,human,a little gray rabbit with two ears is resting on the grass and looking at its tail.
Pure-human (0%),0,39,human_10,human,a little gray rabbit with two ears is resting on the grass and looking at its tail.
Pure-human (0%),0,40,human_10,human,a little gray rabbit with two ears is resting on the grass and looking at its tail.
Pure-human (0%),0,36,human_12,human,"a rabbit-like being, composed of grey tangrams, is sitting curled up and looking backward leisurely"
Pure-human (0%),0,37,human_12,human,"a rabbit-like being, composed of grey tangrams, is sitting curled up and looking backward leisurely"
Pure-human (0%),0,38,human_12,human,"a rabbit-like being, composed of grey tangrams, is sitting curled up and looking backward leisurely"
Pure-human (0%),0,39,human_12,human,"a rabbit-like being, composed of grey tangrams, is sitting curled up and looking backward leisurely"
Pure-human (0%),0,40,human_12,human,"a rabbit-like being, composed of grey tangrams, is sitting curled up and looking backward leisurely"
Pure-human (0%),0,36,human_21,human,"an rabbit made of grey geometries, sitting on the floor and looking at its tail backward"
Pure-human (0%),0,37,human_21,human,"an rabbit made of grey geometries, sitting on the floor and looking at its tail backward"
Pure-human (0%),0,38,human_21,human,"an rabbit made of grey geometries, sitting on the floor and looking at its tail backward"
Pure-human (0%),0,39,human_21,human,an rabbit sitting on the floor and looking at its tail backward
Pure-human (0%),0,40,human_21,human,an grey rabbit sitting on the floor and looking at its tail backward
Pure-human (0%),0,36,human_22,human,"a stylized person caught in mid-air, holding a brightly colored kite."
Pure-human (0%),0,37,human_22,human,"a figure performing an acrobatic leap, showing flexibility and strength in their body."
Pure-human (0%),0,38,human_22,human,"the girl sat on the beach, lost in thought, with her hair blowing freely in the wind."
Pure-human (0%),0,39,human_22,human,"a dog sitting on its hind legs, back arched in an elegant and fluid stretch."
Pure-human (0%),0,40,human_22,human,"a figure balancing on one leg, in a precise, focused yoga position, hands stretched outward."
Pure-human (0%),0,36,human_3,human,"a grey rabbit, sitting on the ground, looking back"
Pure-human (0%),0,37,human_3,human,"a grey rabbit, sitting on the ground, looking back"
Pure-human (0%),0,38,human_3,human,"a grey rabbit, sitting on the ground, looking back"
Pure-human (0%),0,39,human_3,human,"a grey rabbit, sitting on the ground, looking back"
Pure-human (0%),0,40,human_3,human,"a grey rabbit, sitting on the ground, looking back"
Pure-human (0%),0,36,human_2,human,a grey rabbit sitting on the black floor and looking backward to find and rest
Pure-human (0%),0,37,human_2,human,a grey rabbit with two ears sitting on the black floor and looking backward to find and rest
Pure-human (0%),0,38,human_2,human,a grey rabbit with two ears sitting on the black floor and looking backward to find and rest
Pure-human (0%),0,39,human_2,human,a grey rabbit with two ears sitting on the black floor and looking backward to find and rest
Pure-human (0%),0,40,human_2,human,a grey rabbit with two ears sitting on the black floor and looking backward to find and relaxing rest
Pure-human (0%),0,36,human_9,human,a grey rabbit is resting and looking backward.
Pure-human (0%),0,37,human_9,human,a grey rabbit is sitting and looking backward.
Pure-human (0%),0,38,human_9,human,a grey rabbit is sitting and looking backward.
Pure-human (0%),0,39,human_9,human,a grey rabbit is sitting there and looking backward
Pure-human (0%),0,40,human_9,human,a grey rabbit is sitting and looking backward.
Pure-human (0%),0,36,human_18,human,a rabbit sitting on the ground and looking backward
Pure-human (0%),0,37,human_18,human,a rabbit sitting on the ground and looking backward
Pure-human (0%),0,38,human_18,human,a rabbit sitting on the ground and looking backward
Pure-human (0%),0,39,human_18,human,a rabbit sitting on the ground and looking backward
Pure-human (0%),0,40,human_18,human,a rabbit sitting on the ground and looking backward
Human-led (12.5%),0.125,36,human_2,human,multiple grey triangles and squares form a grey rabbit sitting in a black background and looking back.
Human-led (12.5%),0.125,37,human_2,human,multiple triangles and squares form a grey rabbit sitting in a black background and looking back.
Human-led (12.5%),0.125,38,human_2,human,multiple triangles and squares form a grey rabbit sitting in a black background and looking back.
Human-led (12.5%),0.125,39,human_2,human,multiple triangles and squares form a rabbit sitting in a black background and looking back.
Human-led (12.5%),0.125,40,human_2,human,multiple gray geometric shapes form a rabbit sitting in a black background and looking back.
Human-led (12.5%),0.125,36,human_18,human,"the sky is dark, and the rabbit sits alone."
Human-led (12.5%),0.125,37,human_18,human,"the sky is very dark, and the rabbit sits alone."
Human-led (12.5%),0.125,38,human_18,human,"the sky is dark, and the rabbit is very lonely."
Human-led (12.5%),0.125,39,human_18,human,"the sky was dark, and a rabbit made up of various shapes was very lonely."
Human-led (12.5%),0.125,40,human_18,human,"the sky was dark, and a rabbit made up of various shapes sat there all alone."
Human-led (12.5%),0.125,36,human_4,human,a gray rabbit consisting of some geometric shapes is sitting under the black background.
Human-led (12.5%),0.125,37,human_4,human,some geometric shapes form a gray rabbit sitting under the black background.
Human-led (12.5%),0.125,38,human_4,human,some geometric shapes form a gray rabbit sitting under the black background.
Human-led (12.5%),0.125,39,human_4,human,a gray rabbit consisting of some geometric shapes is sitting under the black background.
Human-led (12.5%),0.125,40,human_4,human,a gray rabbit is sitting under the black background and looking back.
Human-led (12.5%),0.125,36,human_5,human,polygons (triangles and a square) form a shape like a abstract gray rabbit sitting in a black background looking back.
Human-led (12.5%),0.125,37,human_5,human,polygons (triangles and a square) form a shape like a abstract gray rabbit sitting in a black background looking back.
Human-led (12.5%),0.125,38,human_5,human,polygons (triangles and a square) form a shape like a abstract gray rabbit sitting in a black background looking back.
Human-led (12.5%),0.125,39,human_5,human,polygons (triangles and a square) form a shape like a abstract gray rabbit sitting in a black background looking back.
Human-led (12.5%),0.125,40,human_5,human,polygons (triangles and a square) form a shape like a abstract gray rabbit sitting in a black background looking back.
Human-led (12.5%),0.125,36,human_14,human,the picture composes polygons to mimic a grey rabbit's body posture.
Human-led (12.5%),0.125,37,human_14,human,the picture composes polygons to mimic a grey rabbit's body posture.
Human-led (12.5%),0.125,38,human_14,human,the picture composes polygons to mimic a grey rabbit's body posture.
Human-led (12.5%),0.125,39,human_14,human,the picture composes polygons to mimic a grey rabbit's body posture.
Human-led (12.5%),0.125,40,human_14,human,the picture composes polygons to mimic a grey rabbit's body posture.
Human-led (12.5%),0.125,36,agent_2,agent,"a gray geometric rabbit, composed of triangles, sits on a black background."
Human-led (12.5%),0.125,37,agent_2,agent,"a figure, made of triangles and a square, sits upright on a black background."
Human-led (12.5%),0.125,38,agent_2,agent,"an abstract rabbit, constructed from gray geometric shapes, sits against a black background."
Human-led (12.5%),0.125,39,agent_2,agent,a gray geometric figure resembling a rabbit sits upright against a dark background.
Human-led (12.5%),0.125,40,agent_2,agent,"a geometric rabbit, formed by gray shapes, sits upright under a black background."
Human-led (12.5%),0.125,36,agent_0,agent,gray shapes form an abstract figure resembling a rabbit sitting and looking back.
Human-led (12.5%),0.125,37,agent_0,agent,"gray polygons form an abstract figure, referencing a rabbit sitting and looking back."
Human-led (12.5%),0.125,38,agent_0,agent,gray polygons form an abstract figure resembling a rabbit sitting and looking back.
Human-led (12.5%),0.125,39,agent_0,agent,gray geometric shapes form an abstract figure resembling a rabbit sitting and looking back.
Human-led (12.5%),0.125,40,agent_0,agent,"abstract geometric shapes form a bird perched, seemingly in flight."
Human-led (12.5%),0.125,36,human_15,human,multiple grey triangles and squares forms a sitting rabbit under black background.
Human-led (12.5%),0.125,37,human_15,human,multiple grey triangles and squares forms a sitting rabbit under black background.
Human-led (12.5%),0.125,38,human_15,human,multiple grey triangles and squares forms a sitting rabbit under black background.
Human-led (12.5%),0.125,39,human_15,human,multiple grey triangles and squares forms a sitting rabbit under black background.
Human-led (12.5%),0.125,40,human_15,human,multiple grey triangles and squares forms a sitting rabbit under black background.
Human-led (12.5%),0.125,36,human_7,human,a rabbit composed of multiple geometric shapes sits under a black background and looks back.
Human-led (12.5%),0.125,37,human_7,human,a rabbit composed of multiple geometric shapes sits under a black background and looks back.
Human-led (12.5%),0.125,38,human_7,human,a rabbit composed of multiple geometric shapes sits under a black background and looks back.
Human-led (12.5%),0.125,39,human_7,human,a gray rabbit composed of multiple geometric shapes sits under a black background and looks back.
Human-led (12.5%),0.125,40,human_7,human,a gray rabbit composed of multiple geometric shapes sits under a black background and looks back.
Human-led (12.5%),0.125,36,human_10,human,a grey rabbit figure sitting on a black background
Human-led (12.5%),0.125,37,human_10,human,a grey rabbit figure sitting on a black background
Human-led (12.5%),0.125,38,human_10,human,a grey rabbit figure sitting and looking back on a black background
Human-led (12.5%),0.125,39,human_10,human,a grey rabbit figure sitting and looking back on a black background
Human-led (12.5%),0.125,40,human_10,human,a grey rabbit figure sitting and looking back on a black background
Human-led (12.5%),0.125,36,human_13,human,multiple grey triangles and squares forms a sitting rabbit with standing ears under black background.
Human-led (12.5%),0.125,37,human_13,human,multiple grey triangles and squares forms a sitting rabbit with standing ears under black background.
Human-led (12.5%),0.125,38,human_13,human,multiple grey triangles and squares forms a sitting rabbit with standing ears under the black background.
Human-led (12.5%),0.125,39,human_13,human,multiple grey triangles and squares forms a sitting rabbit with standing ears under the black background.
Human-led (12.5%),0.125,40,human_13,human,multiple grey triangles and squares forms a sitting rabbit with standing ears under a black background.
Human-led (12.5%),0.125,36,human_19,human,a rabbit with long ears composed of gray geometric shapes is sitting on the ground under black background.
Human-led (12.5%),0.125,37,human_19,human,a rabbit with long ears composed of gray geometric shapes is sitting on the ground under black background.
Human-led (12.5%),0.125,38,human_19,human,a rabbit with long ears composed of gray geometric shapes is sitting on the ground under black background.
Human-led (12.5%),0.125,39,human_19,human,a rabbit with long ears composed of gray geometric shapes is sitting on the ground under black background.
Human-led (12.5%),0.125,40,human_19,human,a rabbit with long ears composed of gray geometric shapes is sitting on the ground under black background.
Human-led (12.5%),0.125,36,human_6,human,a gray rabbit with standing ears composed of gray geometric shapes is sitting under the black background .
Human-led (12.5%),0.125,37,human_6,human,a gray rabbit composed of gray geometric shapes is sitting under the black background with its ears standing up and looking back.
Human-led (12.5%),0.125,38,human_6,human,"a gray rabbit composed of gray geometric shapes is sitting under the black background , facing left."
Human-led (12.5%),0.125,39,human_6,human,"a gray rabbit with ears and a head, composed of gray geometric shapes is sitting under the black background ."
Human-led (12.5%),0.125,40,human_6,human,"a gray rabbit composed of gray geometric shapes is sitting under the black background , looking back."
Human-led (12.5%),0.125,36,human_17,human,a rabbit composed of geometric shapes sits on a black background with its ears standing up and looking back.
Human-led (12.5%),0.125,37,human_17,human,a rabbit composed of geometric shapes sits on a black background with its ears standing up and looking back.
Human-led (12.5%),0.125,38,human_17,human,a rabbit composed of geometric shapes sits on a black background with its ears standing up and looking back.
Human-led (12.5%),0.125,39,human_17,human,a rabbit composed of geometric shapes sits on a black background with its ears standing up and looking back.
Human-led (12.5%),0.125,40,human_17,human,a rabbit composed of geometric shapes sits on a black background with its ears standing up and looking back.
Human-led (12.5%),0.125,36,human_12,human,"the sky is very dark, and a grey cat with long-standing ears is sitting."
Human-led (12.5%),0.125,37,human_12,human,"the sky is very dark, and a grey deer with long-standing ears is sitting."
Human-led (12.5%),0.125,38,human_12,human,polygons (triangles and a square) form a shape like a abstract gray horse sitting in a black background looking back.
Human-led (12.5%),0.125,39,human_12,human,polygons (triangles and a square) form a shape like a abstract gray deer sitting in a black background looking back.
Human-led (12.5%),0.125,40,human_12,human,polygons (triangles and a square) form a shape like a abstract gray cat sitting in a black background looking back.
Human-led (12.5%),0.125,36,human_9,human,"a rabbit formed by different grey geometric polygons with standing triangle ears, triangle tail and a square head, sitting on the ground and looking back under a dark-black background"
Human-led (12.5%),0.125,37,human_9,human,"a rabbit formed by different grey geometric polygons with standing triangle ears, triangle tail and a square head, sitting on the ground and looking back under a dark-black background"
Human-led (12.5%),0.125,38,human_9,human,"a rabbit formed by different grey geometric polygons with standing triangle ears, triangle tail and a square head, sitting on the ground and looking back under a dark-black background"
Human-led (12.5%),0.125,39,human_9,human,"a rabbit formed by different grey geometric polygons with standing triangle ears, triangle tail and a square head, sitting on the ground and looking back under a dark-black background"
Human-led (12.5%),0.125,40,human_9,human,"a rabbit formed by different grey geometric polygons with standing triangle ears, triangle tail and a square head, sitting on the ground and looking back under a dark-black background"
Human-led (12.5%),0.125,36,agent_1,agent,"an abstract figure of a rabbit, made of geometric shapes, sits on a dark background facing left."
Human-led (12.5%),0.125,37,agent_1,agent,"a grey rabbit composed of geometric shapes sits on a dark background, facing left."
Human-led (12.5%),0.125,38,agent_1,agent,a grey rabbit made of geometric shapes sits on a dark background and looks back.
Human-led (12.5%),0.125,39,agent_1,agent,a triangular kite with a tail is flying in space.
Human-led (12.5%),0.125,40,agent_1,agent,a gray rabbit figure made of geometric shapes is sitting on a dark background.
Human-led (12.5%),0.125,36,human_8,human,a rabbit with ears and a head is sitting in a black background.
Human-led (12.5%),0.125,37,human_8,human,a rabbit with ears and a head is sitting in a black background.
Human-led (12.5%),0.125,38,human_8,human,a rabbit with ears and a head is sitting in a black background.
Human-led (12.5%),0.125,39,human_8,human,a rabbit with ears and a head is sitting in a black background.
Human-led (12.5%),0.125,40,human_8,human,a rabbit with ears and a head is sitting in a black background.
Human-led (12.5%),0.125,36,human_11,human,"a gray figure pieced together from geometric shapes like triangles, squares, and quadrilaterals, resembling a lying rabbit looking backward, against a black background."
Human-led (12.5%),0.125,37,human_11,human,"a lying gray geometric rabbit shape, composed of triangles and squares, positioned on a black background."
Human-led (12.5%),0.125,38,human_11,human,"a gray figure pieced together from geometric shapes like triangles, squares, and quadrilaterals, resembling a rabbit, against a black background."
Human-led (12.5%),0.125,39,human_11,human,"a rabbit with two triangular ears and a square head, composed of multiple gray triangles and squares, is looking back at its raised tail."
Human-led (12.5%),0.125,40,human_11,human,"a gray rabbit with perked ears, composed of geometric shapes like triangles and squares, lies on a black background looking backward."
Human-led (12.5%),0.125,36,human_3,human,an animal(maybe a rabbit) made up of various gray geometric shapes is sitting on a black background and looking back.
Human-led (12.5%),0.125,37,human_3,human,an animal(maybe a rabbit) made up of various gray geometric shapes is sitting on a black background and looking back.
Human-led (12.5%),0.125,38,human_3,human,an animal(maybe a rabbit) made up of various gray geometric shapes is sitting on a black background and looking back.
Human-led (12.5%),0.125,39,human_3,human,an animal(maybe a rabbit) made up of various gray geometric shapes is sitting on a black background and looking back.
Human-led (12.5%),0.125,40,human_3,human,an animal(maybe a rabbit) made up of various gray geometric shapes is sitting on a black background and looking back.
Human-led (12.5%),0.125,36,human_20,human,a rabbit composed of polygons is sitting under black background and looking back.
Human-led (12.5%),0.125,37,human_20,human,a thinking rabbit composed of geometric shapes is sitting under black background.
Human-led (12.5%),0.125,38,human_20,human,a rabbit sits alone under dark-black background.
Human-led (12.5%),0.125,39,human_20,human,some polygons mimic a grey rabbit's body posture.
Human-led (12.5%),0.125,40,human_20,human,a rabbit composed of polygons sits on a black background with its ears standing up.
Human-led (12.5%),0.125,36,human_1,human,a rabbit composed of geometric shapes is sitting under black background and looking back.
Human-led (12.5%),0.125,37,human_1,human,a rabbit composed of geometric shapes is sitting under black background and looking back.
Human-led (12.5%),0.125,38,human_1,human,a rabbit composed of geometric shapes is sitting under black background and looking back.
Human-led (12.5%),0.125,39,human_1,human,a rabbit composed of geometric shapes is sitting under black background and looking back.
Human-led (12.5%),0.125,40,human_1,human,a rabbit composed of geometric shapes is sitting under black background and looking back.
Human-led (12.5%),0.125,36,human_16,human,"grey polygons mimic an abstract animal posture like a rabbit with standing ears, looking backward."
Human-led (12.5%),0.125,37,human_16,human,"grey polygons mimic an abstract animal posture like a rabbit with standing ears, looking backward."
Human-led (12.5%),0.125,38,human_16,human,"grey polygons mimic an abstract animal posture like a rabbit with standing ears, looking backward."
Human-led (12.5%),0.125,39,human_16,human,"grey polygons mimic an abstract animal posture like a rabbit with standing ears, looking backward."
Human-led (12.5%),0.125,40,human_16,human,"grey polygons mimic an abstract animal posture like a rabbit with standing ears, looking backward."
Human-led (12.5%),0.125,36,human_0,human,"a grey rabbit comprised of geometric shapes sits, facing left, on a dark background."
Human-led (12.5%),0.125,37,human_0,human,"a grey rabbit comprised of geometric shapes sits, facing left, on a dark background"
Human-led (12.5%),0.125,38,human_0,human,"a grey rabbit comprised of geometric shapes sits, facing left, on a dark background."
Human-led (12.5%),0.125,39,human_0,human,polygons (triangles and a square) form a shape like a abstract gray rabbit sitting in a black background looking back.
Human-led (12.5%),0.125,40,human_0,human,a rabbit composed of geometric shapes is sitting under black background and looking back
Intermediate (33%),0.333,36,human_1,human,"a geometric composition of triangles and a square, looks like an seated animal."
Intermediate (33%),0.333,37,human_1,human,"a geometric composition of triangles and a square, looks like an seated animal."
Intermediate (33%),0.333,38,human_1,human,"a geometric composition of triangles and a square, looks like an seated animal."
Intermediate (33%),0.333,39,human_1,human,"a geometric composition of triangles and a square, looks like an seated animal."
Intermediate (33%),0.333,40,human_1,human,"a geometric composition of triangles and a square, looks like an seated animal."
Intermediate (33%),0.333,36,human_4,human,a animal(seated person) composed of irregular geometric tangram shapes and looking behind
Intermediate (33%),0.333,37,human_4,human,a animal(seated person) composed of irregular geometric tangram shapes and looking behind
Intermediate (33%),0.333,38,human_4,human,a animal(seated person) composed of irregular geometric tangram shapes and looking behind
Intermediate (33%),0.333,39,human_4,human,a animal(seated person) composed of irregular geometric tangram shapes and looking behind
Intermediate (33%),0.333,40,human_4,human,a animal(seated person) composed of irregular geometric tangram shapes and looking behind
Intermediate (33%),0.333,36,human_2,human,a animal(seated person) composed of irregular geometric tangram shapes and looking behind
Intermediate (33%),0.333,37,human_2,human,a animal(seated person) composed of irregular geometric tangram shapes and looking behind
Intermediate (33%),0.333,38,human_2,human,a animal(seated person) composed of irregular geometric tangram shapes and looking behind
Intermediate (33%),0.333,39,human_2,human,a animal(seated person) composed of irregular geometric tangram shapes and looking behind
Intermediate (33%),0.333,40,human_2,human,a animal(seated person) composed of irregular geometric tangram shapes and looking behind
Intermediate (33%),0.333,36,human_11,human,geometric shapes form an abstract human-like figure.
Intermediate (33%),0.333,37,human_11,human,geometric shapes form an abstract human-like figure.
Intermediate (33%),0.333,38,human_11,human,geometric shapes form an abstract human-like figure.
Intermediate (33%),0.333,39,human_11,human,geometric shapes form an abstract human-like figure.
Intermediate (33%),0.333,40,human_11,human,geometric shapes form an abstract human-like figure.
Intermediate (33%),0.333,36,human_0,human,a geometric figure composed of triangles and quadrilaterals that looks like a sitting person with huge headwear bending her knees.
Intermediate (33%),0.333,37,human_0,human,a geometric figure composed of triangles and quadrilaterals that looks like a sitting person with huge headwear bending her knees.
Intermediate (33%),0.333,38,human_0,human,a geometric figure composed of triangles and quadrilaterals that looks like a sitting person with huge headwear bending her knees.
Intermediate (33%),0.333,39,human_0,human,a geometric figure composed of triangles and quadrilaterals that looks like a sitting person with huge headwear bending her knees.
Intermediate (33%),0.333,40,human_0,human,a geometric figure composed of triangles and quadrilaterals that looks like a sitting person with huge headwear bending her knees.
Intermediate (33%),0.333,36,human_9,human,"some tangram geometric pieces, which are triangles or rectangles, are put together to form a shape that looks like a deer looking back."
Intermediate (33%),0.333,37,human_9,human,"some tangram geometric pieces, which are triangles or rectangles, are put together to form a shape that looks like a deer looking back."
Intermediate (33%),0.333,38,human_9,human,"some tangram geometric pieces, which are triangles or rectangles, are put together to form a shape that looks like a deer looking back."
Intermediate (33%),0.333,39,human_9,human,"some tangram geometric pieces, which are triangles or rectangles, are put together to form a shape that looks like a deer looking back."
Intermediate (33%),0.333,40,human_9,human,"some tangram geometric pieces, which are triangles or rectangles, are put together to form a shape that looks like a deer looking back."
Intermediate (33%),0.333,36,human_10,human,a rabbit composed of irregular geometric shapes like triangles or rectangles and looking behind while its ears stand up.
Intermediate (33%),0.333,37,human_10,human,a rabbit composed of irregular geometric shapes like triangles or rectangles and looking behind while its ears stand up.
Intermediate (33%),0.333,38,human_10,human,a rabbit composed of irregular geometric shapes like triangles or rectangles and looking behind while its ears stand up.
Intermediate (33%),0.333,39,human_10,human,a rabbit composed of irregular geometric shapes like triangles or rectangles and looking behind while its ears stand up.
Intermediate (33%),0.333,40,human_10,human,a rabbit composed of irregular geometric shapes like triangles or rectangles and looking behind while its ears stand up.
Intermediate (33%),0.333,36,agent_4,agent,abstract geometric figures form a dynamic figure leaning forward amidst a black background.
Intermediate (33%),0.333,37,agent_4,agent,"a dynamic tilted figure is formed primarily by triangular shapes, suggesting movement."
Intermediate (33%),0.333,38,agent_4,agent,"a geometric figure leans forward dynamically, composed of triangular shapes and a square."
Intermediate (33%),0.333,39,agent_4,agent,"a dynamic, leaning figure is formed by triangular shapes with one arm raised, capturing motion."
Intermediate (33%),0.333,40,agent_4,agent,"abstract geometric shapes form a dynamic gesture, one arm raised high and one leg bent."
Intermediate (33%),0.333,36,human_12,human,"some tangram puzzle pieces of a square and triangles, and rectangles are arranged like an abstract animal or person sitting on the ground."
Intermediate (33%),0.333,37,human_12,human,"some tangram puzzle pieces of a square and triangles, and rectangles are arranged like an abstract animal or person sitting on the ground."
Intermediate (33%),0.333,38,human_12,human,"some tangram puzzle pieces of a square and triangles, and rectangles are arranged like an abstract animal or person sitting on the ground."
Intermediate (33%),0.333,39,human_12,human,"some tangram puzzle pieces of a square and triangles, and rectangles are arranged like an abstract animal or person sitting on the ground."
Intermediate (33%),0.333,40,human_12,human,"some tangram puzzle pieces of a square and triangles, and rectangles are arranged like an abstract animal or person sitting on the ground."
Intermediate (33%),0.333,36,human_5,human,a geometric figure composed of triangles and quadrilaterals looks like a sitting animal with legs folded
Intermediate (33%),0.333,37,human_5,human,a geometric figure composed of triangles and quadrilaterals looks like a sitting animal with legs folded
Intermediate (33%),0.333,38,human_5,human,a geometric figure composed of triangles and quadrilaterals looks like a sitting animal with legs folded
Intermediate (33%),0.333,39,human_5,human,a abstract geometric figure composed of triangles and quadrilaterals looks like a sitting animal with legs folded
Intermediate (33%),0.333,40,human_5,human,a abstract geometric figure composed of triangles and quadrilaterals looks like a sitting human with legs folded and rabbit ears
Intermediate (33%),0.333,36,agent_6,agent,tangram shapes form a standing figure with one leg raised and one arm extended upward.
Intermediate (33%),0.333,37,agent_6,agent,tangram shapes form a dynamic figure with a raised leg and an extended arm.
Intermediate (33%),0.333,38,agent_6,agent,tangram shapes form a dynamic standing figure with a raised leg and extended arm.
Intermediate (33%),0.333,39,agent_6,agent,tangram shapes construct a dynamic figure with a raised leg and a bent arm.
Intermediate (33%),0.333,40,agent_6,agent,tangram shapes form a dynamic standing pose with a bent leg and raised arm.
Intermediate (33%),0.333,36,agent_0,agent,geometric shapes form an abstract human-like figure leaning forward dynamically with an extended arm or leg.
Intermediate (33%),0.333,37,agent_0,agent,"geometric shapes form an abstract, leaning figure in dynamic motion with splayed limbs."
Intermediate (33%),0.333,38,agent_0,agent,"geometric shapes form an abstract figure leaning forward dynamically, with limbs extended in motion."
Intermediate (33%),0.333,39,agent_0,agent,"geometric shapes form an abstract human-like figure leaning forward dynamically, with one arm and leg extended"
Intermediate (33%),0.333,40,agent_0,agent,"geometric shapes form an abstract human-like figure leaning forward dynamically, with one arm and leg extended."
Intermediate (33%),0.333,36,agent_7,agent,"geometric forms create an abstract figure in motion, arms raised and legs spread."
Intermediate (33%),0.333,37,agent_7,agent,geometric shapes form a dynamic sitting figure with arms spread wide and legs apart.
Intermediate (33%),0.333,38,agent_7,agent,geometric shapes create an abstract figure leaning forward in motion with arms extended.
Intermediate (33%),0.333,39,agent_7,agent,"geometric forms create an abstract figure crouching, arms spread wide and legs bent."
Intermediate (33%),0.333,40,agent_7,agent,geometric shapes form an abstract figure standing tall with one arm raised.
Intermediate (33%),0.333,36,agent_5,agent,geometric shapes form an abstract dancing figure with one arm extended forward.
Intermediate (33%),0.333,37,agent_5,agent,geometric shapes form an abstract leaping figure with arms bent and legs lifted.
Intermediate (33%),0.333,38,agent_5,agent,"geometric shapes form an abstract figure leaning dynamically, with a centered triangular core."
Intermediate (33%),0.333,39,agent_5,agent,geometric shapes form an abstract leaping figure with arms bent and legs lifted.
Intermediate (33%),0.333,40,agent_5,agent,geometric shapes form an abstract leaping figure with arms bent and legs lifted.
Intermediate (33%),0.333,36,human_13,human,"geometric composition of triangles and squares, looking like a sitting person with legs folded and arm extended."
Intermediate (33%),0.333,37,human_13,human,"geometric composition of triangles and squares, looking like a sitting animal with legs folded and arm extended."
Intermediate (33%),0.333,38,human_13,human,"geometric composition of triangles and squares, looking like a sitting animal with legs folded and arm extended."
Intermediate (33%),0.333,39,human_13,human,"geometric composition of triangles and squares, looking like a sitting person with legs folded and arm extended."
Intermediate (33%),0.333,40,human_13,human,"geometric composition of triangles and squares, looking like a person leaning against the wall with legs folded and arm extended."
Intermediate (33%),0.333,36,human_15,human,the image is composed of triangular and rectangular shapes that together create the shape of a kangaroo.
Intermediate (33%),0.333,37,human_15,human,the image is composed of triangular and rectangular shapes that together create the shape of a kangaroo.
Intermediate (33%),0.333,38,human_15,human,the image is composed of triangular and rectangular shapes that together create the shape of a kangaroo.
Intermediate (33%),0.333,39,human_15,human,the image is composed of triangular and rectangular shapes that together create the shape of a kangaroo.
Intermediate (33%),0.333,40,human_15,human,the image is composed of triangular and rectangular shapes that together create the shape of a kangaroo.
Intermediate (33%),0.333,36,agent_3,agent,geometric shapes create an abstract figure with one arm extended in a dynamic motion.
Intermediate (33%),0.333,37,agent_3,agent,geometric shapes form an abstract figure in motion with an extended arm and leg
Intermediate (33%),0.333,38,agent_3,agent,geometric shapes form a dynamic abstract figure with one arm extended.
Intermediate (33%),0.333,39,agent_3,agent,"geometric shapes form an abstract, dynamic figure leaning forward with one arm extended."
Intermediate (33%),0.333,40,agent_3,agent,"geometric shapes form an abstract figure in motion, leaning forward dynamically."
Intermediate (33%),0.333,36,human_7,human,"some geometric tangram pieces of a square and triangles, and rectangles are arranged like an abstract, symmetrical figure with a dynamic pose, possibly resembling a creature."
Intermediate (33%),0.333,37,human_7,human,"some geometric tangram pieces of a square and triangles, and rectangles are arranged like an abstract, symmetrical figure with a dynamic pose, possibly resembling an animal."
Intermediate (33%),0.333,38,human_7,human,"some geometric tangram pieces arrange like an abstract, symmetrical figure with a dynamic pose, possibly resembling an animal."
Intermediate (33%),0.333,39,human_7,human,"geometric pieces arranged like an abstract, symmetrical figure with a dynamic pose, possibly resembling an animal."
Intermediate (33%),0.333,40,human_7,human,"geometric pieces arranged like an abstract figure with a dynamic pose, possibly resembling an animal."
Intermediate (33%),0.333,36,agent_2,agent,"geometric shapes depict a standing figure with arms raised, leaning forward."
Intermediate (33%),0.333,37,agent_2,agent,"geometric shapes depict a figure in motion, with one arm reaching upward."
Intermediate (33%),0.333,38,agent_2,agent,a figure made of geometric shapes leans forward with arms extended dynamically.
Intermediate (33%),0.333,39,agent_2,agent,a dynamic figure composed of geometric shapes leans forward with arms raised.
Intermediate (33%),0.333,40,agent_2,agent,"geometric shapes form a dynamic figure with arms and legs extended outward, appearing balanced."
Intermediate (33%),0.333,36,human_3,human,"some tangram geometric pieces , which includes triangles and rectangles, forms a person with rabbit ears sitting against the wall with bent legs."
Intermediate (33%),0.333,37,human_3,human,"some tangram geometric pieces , which includes triangles and rectangles, forms a person with rabbit ears sitting against the wall with bent legs."
Intermediate (33%),0.333,38,human_3,human,"some tangram geometric pieces , which includes triangles and rectangles, forms a person with rabbit ears sitting against the wall with bent legs."
Intermediate (33%),0.333,39,human_3,human,"some tangram geometric pieces , which includes triangles and rectangles, forms a person with rabbit ears sitting against the wall with bent legs and knees."
Intermediate (33%),0.333,40,human_3,human,"some tangram geometric pieces , which includes triangles and rectangles, forms a person with sitting against the wall with bent legs and knees and raised arms."
Intermediate (33%),0.333,36,human_6,human,the tangram pieces with triangles or rectangles form a person with rabbit ears sitting against a wall.
Intermediate (33%),0.333,37,human_6,human,the tangram pieces form a person with rabbit ears doing sit-ups.
Intermediate (33%),0.333,38,human_6,human,the tangram pieces form a person with rabbit ears doing sit-ups.
Intermediate (33%),0.333,39,human_6,human,the tangram pieces form a person with rabbit ears doing sit-ups.
Intermediate (33%),0.333,40,human_6,human,the tangram pieces form a person with rabbit ears doing sit-ups.
Intermediate (33%),0.333,36,human_14,human,it looks like a rabbit
Intermediate (33%),0.333,37,human_14,human,it looks like a kangaroo
Intermediate (33%),0.333,38,human_14,human,it looks like a kangaroo
Intermediate (33%),0.333,39,human_14,human,it looks like a cat
Intermediate (33%),0.333,40,human_14,human,it looks like a kangaroo.
Intermediate (33%),0.333,36,agent_1,agent,"the image consists of geometric shapes like triangles and squares forming a seated, dynamic figure."
Intermediate (33%),0.333,37,agent_1,agent,geometric shapes like triangles and squares form a dynamic figure sitting sideways.
Intermediate (33%),0.333,38,agent_1,agent,"abstract shapes form a dancing figure with bent legs and extended arm,"
Intermediate (33%),0.333,39,agent_1,agent,"abstract shapes form a dynamic figure resembling a creature in motion, possibly reaching or jumping."
Intermediate (33%),0.333,40,agent_1,agent,"geometric shapes form an abstract, dynamic figure with an extended arm and bent legs."
Intermediate (33%),0.333,36,human_8,human,"this is a geometric figure composed of triangles and quadrilaterals, like a sitting animal"
Intermediate (33%),0.333,37,human_8,human,"this is a geometric figure composed of triangles and quadrilaterals, like a sitting animal"
Intermediate (33%),0.333,38,human_8,human,"this is a geometric figure composed of triangles and quadrilaterals, like a sitting animal"
Intermediate (33%),0.333,39,human_8,human,"this is a geometric figure composed of triangles and quadrilaterals, like a sitting animal"
Intermediate (33%),0.333,40,human_8,human,"this is a geometric figure composed of triangles and quadrilaterals, like a sitting animal"
Intermediate (50%),0.5,36,agent_1,agent,interlocking geometric shapes form an abstract figure leaning dynamically to the left.
Intermediate (50%),0.5,37,agent_1,agent,interlocking triangles form a dynamic abstract figure leaning forward.
Intermediate (50%),0.5,38,agent_1,agent,interlocking triangles and a square form an abstract creature leaning forward dynamically.
Intermediate (50%),0.5,39,agent_1,agent,interconnected geometric shapes form an abstract figure leaning dynamically to the left.
Intermediate (50%),0.5,40,agent_1,agent,interlocking geometric shapes form an abstract creature leaning forward dynamically.
Intermediate (50%),0.5,36,human_10,human,a composition of geometric square and triangles form a leaning-forward standing animal like rabbit
Intermediate (50%),0.5,37,human_10,human,interlocking geometric triangles and square form a leaning-forward standing animal like rabbit
Intermediate (50%),0.5,38,human_10,human,"interlocking geometric triangles and square form an abstract, dynamic,leaning-forward standing animal like rabbit"
Intermediate (50%),0.5,39,human_10,human,nterlocking geometric triangles and square form an abstract figure leaning diagonally to the right.
Intermediate (50%),0.5,40,human_10,human,interlocking geometric shapes form an abstract figure like a rabbit leaning dynamically to the left.
Intermediate (50%),0.5,36,agent_3,agent,geometric shapes form an abstract rabbit silhouette leaning to the right.
Intermediate (50%),0.5,37,agent_3,agent,interlocking geometric shapes form an abstract figure leaning diagonally
Intermediate (50%),0.5,38,agent_3,agent,interlocking geometric triangles and shapes form an abstract rabbit silhouette leaning to the right.
Intermediate (50%),0.5,39,agent_3,agent,interlocking geometric shapes form an abstract rabbit silhouette leaning diagonally.
Intermediate (50%),0.5,40,agent_3,agent,interlocking geometric shapes form an abstract figure leaning diagonally.
Intermediate (50%),0.5,36,human_6,human,a square and several triangles compose a graphic depicting a figure leaning against a wall
Intermediate (50%),0.5,37,human_6,human,geometric graphics combined to depicting a running rabbit leaning to the right
Intermediate (50%),0.5,38,human_6,human,"triangles and a square,combined to depict a dynamic figure leaning forward."
Intermediate (50%),0.5,39,human_6,human,a combination of triangles and a square creates a picture of dynamic figure leaning forward or to the right
Intermediate (50%),0.5,40,human_6,human,"triangles and a square,combined to depict a dynamic figure ,like a rabbit leaning to the right"
Intermediate (50%),0.5,36,human_11,human,an abstract figure of leaning quadruped consists of geometric square and triangles
Intermediate (50%),0.5,37,human_11,human,a silhouette of standing quadruped consists of interlocking triangles and square
Intermediate (50%),0.5,38,human_11,human,an abstract figure of diagonally leaning rabbit is resembled by geometric triangles and square
Intermediate (50%),0.5,39,human_11,human,a composition of geometric square and triangles form an abstract standing animal
Intermediate (50%),0.5,40,human_11,human,an abstract figure of a standing rabbit is composed by geometric square and triangles
Intermediate (50%),0.5,36,agent_11,agent,"interlocking triangles and a square form a dynamic, diagonal silhouette of a shape leaning forward."
Intermediate (50%),0.5,37,agent_11,agent,interlocking triangles and squares form a dynamic silhouette of a figure leaning forward.
Intermediate (50%),0.5,38,agent_11,agent,interlocking triangles and squares create a dynamic silhouette of a figure leaning forward.
Intermediate (50%),0.5,39,agent_11,agent,"interlocking triangles and a square form a dynamic, diagonal silhouette of a figure leaning forward."
Intermediate (50%),0.5,40,agent_11,agent,interlocking triangles and a square create a dynamic silhouette of a shape leaning forward.
Intermediate (50%),0.5,36,agent_8,agent,an abstract depiction is created from geometric shapes forming a slanted rabbit-like figure.
Intermediate (50%),0.5,37,agent_8,agent,abstract geometric shapes form a rabbit-like figure leaning diagonally.
Intermediate (50%),0.5,38,agent_8,agent,tangram shapes create a dynamic rabbit silhouette leaning diagonally.
Intermediate (50%),0.5,39,agent_8,agent,squares and triangles form an abstract profile of a standing rabbit.
Intermediate (50%),0.5,40,agent_8,agent,abstract geometric shapes form a dynamic silhouette leaning diagonally like an animal.
Intermediate (50%),0.5,36,human_0,human,a rabbit-like animal with two large ears sits on the floor.
Intermediate (50%),0.5,37,human_0,human,a rabbit-like animal with two large ears sits on the floor.
Intermediate (50%),0.5,38,human_0,human,a rabbit-like animal with two large ears sits on the floor.
Intermediate (50%),0.5,39,human_0,human,a rabbit-like animal with two large ears sits on the floor.
Intermediate (50%),0.5,40,human_0,human,a rabbit-like animal with two large ears sits on the floor.
Intermediate (50%),0.5,36,human_4,human,abstract composition of geometric shapes in square and triangle forms a silhouette of leaning rabbit
Intermediate (50%),0.5,37,human_4,human,abstract composition of geometric shapes in square and triangle forms a silhouette of leaning animal
Intermediate (50%),0.5,38,human_4,human,abstract composition of geometric shapes in square and triangle forms a silhouette of leaning animal
Intermediate (50%),0.5,39,human_4,human,the abstract pattern formed by square and triangles in gray and black looks like a leaning rabbit.
Intermediate (50%),0.5,40,human_4,human,abstract composition of geometric shapes in square and triangle forms a silhouette of leaning animal
Intermediate (50%),0.5,36,human_8,human,a rabbit figure sitting on the floor is created by several triangles and squares
Intermediate (50%),0.5,37,human_8,human,"an abstract figure is composed of geometric shapes, resembling a rabbit leaning diagonally."
Intermediate (50%),0.5,38,human_8,human,a leaning rabbit figure is created by triangles and sqaures
Intermediate (50%),0.5,39,human_8,human,a bended animal figure which likes a rabbit made from shapes leans on the wall.
Intermediate (50%),0.5,40,human_8,human,a leaning rabbit figure is created by triangles and sqaures
Intermediate (50%),0.5,36,agent_9,agent,interlocking triangles and a square form a dynamic leaning figure.
Intermediate (50%),0.5,37,agent_9,agent,interlocking triangles and a square form an animal-like figure leaning dynamically to the right.
Intermediate (50%),0.5,38,agent_9,agent,interlocking triangles and a central square create a leaning figure resembling a rabbit.
Intermediate (50%),0.5,39,agent_9,agent,interlocking triangles and a square form a dynamic figure leaning to the right.
Intermediate (50%),0.5,40,agent_9,agent,interlocking triangles and a square create a dynamic figure leaning diagonally to the left.
Intermediate (50%),0.5,36,agent_10,agent,abstract geometric shapes form a leaning rabbit-like silhouette.
Intermediate (50%),0.5,37,agent_10,agent,"triangles and a square combine to form a diagonal, abstract rabbit silhouette."
Intermediate (50%),0.5,38,agent_10,agent,"abstract shapes depict a leaning rabbit figure, combining triangles and a square."
Intermediate (50%),0.5,39,agent_10,agent,triangles and a square create an abstract silhouette resembling the profile of a leaning rabbit.
Intermediate (50%),0.5,40,agent_10,agent,"abstract geometric shapes, including triangles and a square, form a leaning rabbit-like silhouette."
Intermediate (50%),0.5,36,agent_2,agent,interlocking triangles and a square form the abstract figure leaning diagonally to the right.
Intermediate (50%),0.5,37,agent_2,agent,"interlocking triangles and a square form an abstract quadruped, resembling an animal, leaning dynamically to the right."
Intermediate (50%),0.5,38,agent_2,agent,interlocking triangles and a square form an abstract shape leaning diagonally to the right.
Intermediate (50%),0.5,39,agent_2,agent,interlocking triangles and a square create an abstract quadruped silhouette leaning diagonally to the right.
Intermediate (50%),0.5,40,agent_2,agent,interlocking triangles and a square form an abstract shape leaning dynamically to the right.
Intermediate (50%),0.5,36,human_1,human,"a geometric animal of triangles and squares, resembling a rabbit, leans against the left wall on the ground."
Intermediate (50%),0.5,37,human_1,human,"a geometric animal of triangles and squares, resembling a rabbit, leans against the left wall on the ground."
Intermediate (50%),0.5,38,human_1,human,"a geometric animal of triangles and squares, resembling a rabbit, leans against the left wall on the ground."
Intermediate (50%),0.5,39,human_1,human,"a geometric rabbit of triangles and squares leans against the left wall, grounded."
Intermediate (50%),0.5,40,human_1,human,"a geometric animal of triangles and squares, resembling a rabbit, leans against the left wall on the ground."
Intermediate (50%),0.5,36,human_7,human,"tangram forms the abstract shape of a rabbit, which sitting on the floor."
Intermediate (50%),0.5,37,human_7,human,"tangram forms the abstract shape of a rabbit, which sitting on the floor."
Intermediate (50%),0.5,38,human_7,human,"tangram forms the abstract shape of a rabbit, which sitting on the floor."
Intermediate (50%),0.5,39,human_7,human,"tangram forms the abstract shape of a rabbit, which sitting on the floor."
Intermediate (50%),0.5,40,human_7,human,"tangram forms the abstract shape of a rabbit, which sitting on the floor."
Intermediate (50%),0.5,36,human_9,human,an abstract picture of an animal sitting on the ground is formed by geometric shapes.
Intermediate (50%),0.5,37,human_9,human,squares and triangles are organized to form an abstract design of an animal sitting on the ground.
Intermediate (50%),0.5,38,human_9,human,an abstract animal figure sitting on the ground is constructed using geometric shapes.
Intermediate (50%),0.5,39,human_9,human,an animal sitting on the ground is constructed using geometric shapes.
Intermediate (50%),0.5,40,human_9,human,an abstract picture of an animal sitting on the ground is formed by geometric shapes.
Intermediate (50%),0.5,36,agent_5,agent,"interlocking triangles and a square create an abstract, leaning figure."
Intermediate (50%),0.5,37,agent_5,agent,interlocking triangles and squares form a rabbit-shaped figure leaning to the right.
Intermediate (50%),0.5,38,agent_5,agent,interlocking triangles and a square shape form an abstract figure resembling a leaning rabbit.
Intermediate (50%),0.5,39,agent_5,agent,"triangles surround a square, suggesting a dynamic, leaning figure, possibly resembling a rabbit."
Intermediate (50%),0.5,40,agent_5,agent,interlocking triangles and a square form a dynamic geometric figure leaning to the right.
Intermediate (50%),0.5,36,human_3,human,the abstract pattern formed by square and triangles in gray and black looks like a leaning rabbit.
Intermediate (50%),0.5,37,human_3,human,the abstract pattern formed by square and triangles in gray and black looks like a leaning rabbit.
Intermediate (50%),0.5,38,human_3,human,the abstract pattern formed by square and triangles in gray and black looks like a leaning animal.
Intermediate (50%),0.5,39,human_3,human,the abstract pattern formed by square and triangles in gray and black looks like a leaning rabbit.
Intermediate (50%),0.5,40,human_3,human,the abstract picture formed by geometric shapes looks like a rabbit looking back.
Intermediate (50%),0.5,36,agent_6,agent,interlocking triangles and a square form a dynamic rabbit silhouette leaning to the right and slightly back.
Intermediate (50%),0.5,37,agent_6,agent,interlocking shapes form a dynamic rabbit silhouette leaning slightly to the right.
Intermediate (50%),0.5,38,agent_6,agent,"interlocking geometric shapes form a dynamic rabbit silhouette, tilted right and slightly backward."
Intermediate (50%),0.5,39,agent_6,agent,interlocking triangular and square shapes create a rabbit silhouette leaning diagonally.
Intermediate (50%),0.5,40,agent_6,agent,interlocking geometric shapes form a dynamic rabbit silhouette leaning diagonally right.
Intermediate (50%),0.5,36,agent_7,agent,interlocking geometric shapes create a dynamic rabbit-like figure leaning to the right.
Intermediate (50%),0.5,37,agent_7,agent,a figure resembling a rabbit is formed by interlocking geometric shapes leaning diagonally.
Intermediate (50%),0.5,38,agent_7,agent,interlocking triangles and a square create a dynamic rabbit figure leaning diagonally.
Intermediate (50%),0.5,39,agent_7,agent,interlocking geometric shapes form a diagonal rabbit silhouette leaning forward.
Intermediate (50%),0.5,40,agent_7,agent,interlocking triangles and a square form a dynamic shape resembling a figure leaning forward.
Intermediate (50%),0.5,36,human_2,human,a sitting rabbit.
Intermediate (50%),0.5,37,human_2,human,a sitting rabbit.
Intermediate (50%),0.5,38,human_2,human,a sitting rabbit.
Intermediate (50%),0.5,39,human_2,human,a sitting rabbit.
Intermediate (50%),0.5,40,human_2,human,a sitting rabbit.
Intermediate (50%),0.5,36,agent_4,agent,triangles and squares depict an abstract diagonal figure evoking an animal-like silhouette
Intermediate (50%),0.5,37,agent_4,agent,"triangles and a square form an abstract creature with a triangular head, elongated body, and legs resting against a wall."
Intermediate (50%),0.5,38,agent_4,agent,triangles and a square create an abstract diagonal shape resembling a leaping gray rabbit.
Intermediate (50%),0.5,39,agent_4,agent,triangles and squares form an abstract figure leaning diagonally to represent a rabbit.
Intermediate (50%),0.5,40,agent_4,agent,triangles and squares form an abstract diagonal figure resembling an animal silhouette leaning dynamically.
Intermediate (50%),0.5,36,human_5,human,abstract geometric gray/black shape of a rabbit against wall from triangles and squares.
Intermediate (50%),0.5,37,human_5,human,abstract geometric gray/black shape of a rabbit against wall from triangles and squares.
Intermediate (50%),0.5,38,human_5,human,abstract geometric gray/black shape of a rabbit against wall from triangles and squares.
Intermediate (50%),0.5,39,human_5,human,abstract geometric gray/black shape of a rabbit against wall from triangles and squares.
Intermediate (50%),0.5,40,human_5,human,abstract geometric gray/black shape of a rabbit against wall from triangles and squares.
Intermediate (50%),0.5,36,agent_0,agent,an abstract silhouette of a kangaroo jumping formed by interlocking triangles and a square.
Intermediate (50%),0.5,37,agent_0,agent,"an abstract silhouette of an animal, possibly a rabbit, is formed by triangles and a square."
Intermediate (50%),0.5,38,agent_0,agent,"an abstract silhouette of a rabbit sitting, formed by interlocking triangles and a square."
Intermediate (50%),0.5,39,agent_0,agent,"an abstract silhouette of a bird taking off, formed by interlocking triangles and a square."
Intermediate (50%),0.5,40,agent_0,agent,an abstract geometric shape resembles a rabbit sitting on the ground.
Agent-led (75%),0.75,36,human_3,human,a black‑and‑grey pattern featuring an asymmetrical arrangement of triangles and a square
Agent-led (75%),0.75,37,human_3,human,a square and several triangles arranged in an asymmetrical black‑and‑grey geometric pattern
Agent-led (75%),0.75,38,human_3,human,a geometric black-and-grey arrangement featuring a square surrounded by scattered triangles
Agent-led (75%),0.75,39,human_3,human,a black-and-grey geometric pattern where triangles frame a square in an composition
Agent-led (75%),0.75,40,human_3,human,a black-and-grey pattern formed by irregular places triangles and a solitary square
Agent-led (75%),0.75,36,human_5,human,geometric drawings shaped like a woman
Agent-led (75%),0.75,37,human_5,human,geometric drawings shaped like a woman
Agent-led (75%),0.75,38,human_5,human,geometric drawings shaped like a woman
Agent-led (75%),0.75,39,human_5,human,geometric drawings shaped like a woman
Agent-led (75%),0.75,40,human_5,human,geometric drawings shaped like a woman
Agent-led (75%),0.75,36,human_1,human,the image displays a composition of triangles and a square forming an asymmetrical geometric pattern.
Agent-led (75%),0.75,37,human_1,human,the image displays a composition of triangles and a square forming an asymmetrical geometric pattern.
Agent-led (75%),0.75,38,human_1,human,the image displays a composition of triangles and a square forming an asymmetrical geometric pattern.
Agent-led (75%),0.75,39,human_1,human,the image displays a composition of triangles and a square forming an asymmetrical geometric pattern.
Agent-led (75%),0.75,40,human_1,human,the image displays a composition of triangles and a square forming an asymmetrical geometric pattern.
Agent-led (75%),0.75,36,agent_15,agent,this image shows a central square surrounded by triangles creating a geometric downward pattern.
Agent-led (75%),0.75,37,agent_15,agent,this composition features a central square surrounded by triangles forming an asymmetrical downward-pointing pattern.
Agent-led (75%),0.75,38,agent_15,agent,"this composition features a central square surrounded by triangles forming a symmetric, geometric pattern."
Agent-led (75%),0.75,39,agent_15,agent,this geometric arrangement features a central square surrounded by triangles creating a downward-pointing shape against a black background.
Agent-led (75%),0.75,40,agent_15,agent,"this geometric arrangement features a central square surrounded by asymmetrical, interlocking triangles pointing downward against a black background."
Agent-led (75%),0.75,36,agent_11,agent,"the image presents geometric shapes, with triangles patterned around a central square, forming an asymmetrical downward-pointing configuration."
Agent-led (75%),0.75,37,agent_11,agent,"the image presents geometric shapes, with triangles arranged around a central square, forming an asymmetrical downward-pointing configuration."
Agent-led (75%),0.75,38,agent_11,agent,"the image presents geometric shapes, with triangles arranged around a central square, forming a downward-pointing asymmetrical configuration."
Agent-led (75%),0.75,39,agent_11,agent,"the image presents geometric shapes, with triangles patterned around a central square, forming an asymmetrical downward-pointing configuration."
Agent-led (75%),0.75,40,agent_11,agent,"the image presents geometric shapes, with triangles arranged around a central square, forming an asymmetrical downward-pointing configuration."
Agent-led (75%),0.75,36,agent_13,agent,"a grayscale geometric pattern features interconnected triangles and a square forming an asymmetrical, downward-extending arrangement."
Agent-led (75%),0.75,37,agent_13,agent,"a grayscale geometric design comprises interconnected triangles and a central square forming an asymmetrical, downward-extending arrangement."
Agent-led (75%),0.75,38,agent_13,agent,"a grayscale geometric pattern features interconnected triangles and a square forming an asymmetrical, downward-extending arrangement."
Agent-led (75%),0.75,39,agent_13,agent,"a grayscale geometric pattern features interconnected triangles and a square forming an asymmetrical, downward-angled arrangement."
Agent-led (75%),0.75,40,agent_13,agent,"a grayscale geometric pattern features interconnected triangles and a square forming an asymmetrical, downward-extending arrangement."
Agent-led (75%),0.75,36,human_2,human,the image displays geometric shapes forming an asymmetrical pattern with a central square and triangles against a black backdrop.
Agent-led (75%),0.75,37,human_2,human,the image displays geometric shapes forming an asymmetrical pattern with a central square and triangles against a black backdrop.
Agent-led (75%),0.75,38,human_2,human,the image displays geometric shapes forming an asymmetrical pattern with a central square and triangles against a black backdrop.
Agent-led (75%),0.75,39,human_2,human,the image displays geometric shapes forming an asymmetrical pattern with a central square and triangles against a black backdrop.
Agent-led (75%),0.75,40,human_2,human,the image displays geometric shapes forming an asymmetrical pattern with a central square and triangles against a black backdrop.
Agent-led (75%),0.75,36,agent_17,agent,triangles of varying sizes cluster around a central square in an asymmetrical geometric configuration.
Agent-led (75%),0.75,37,agent_17,agent,triangles cluster around a central square in an asymmetrical geometric pattern.
Agent-led (75%),0.75,38,agent_17,agent,triangles cluster around a central square in an asymmetrical geometric configuration.
Agent-led (75%),0.75,39,agent_17,agent,triangles of varying sizes cluster around a central square in an asymmetrical geometric configuration.
Agent-led (75%),0.75,40,agent_17,agent,triangles cluster around a central square in an asymmetrical geometric configuration.
Agent-led (75%),0.75,36,human_4,human,the image shows an asymmetrical geometric pattern of grey triangles forming a central square against a dark background.
Agent-led (75%),0.75,37,human_4,human,the image shows an asymmetrical geometric pattern of triangles forming a central square against a dark background.
Agent-led (75%),0.75,38,human_4,human,the image shows an asymmetrical geometric downward-pointing pattern of triangles with a central square against a dark background.
Agent-led (75%),0.75,39,human_4,human,the image shows an asymmetrical geometric downward-pointing pattern of triangles with a central square against a dark background.
Agent-led (75%),0.75,40,human_4,human,the image shows an asymmetrical geometric pattern of triangles with a central square pointing downward..
Agent-led (75%),0.75,36,agent_8,agent,an asymmetrical geometric figure with triangles forming a downward-pointing pattern around a central square.
Agent-led (75%),0.75,37,agent_8,agent,an asymmetrical figure with triangles forming a downward-pointing pattern around a central square.
Agent-led (75%),0.75,38,agent_8,agent,"an asymmetrical geometric pattern with triangles forming a downward-pointing configuration around a central square, composed of interconnected shapes."
Agent-led (75%),0.75,39,agent_8,agent,an asymmetrical geometric figure with triangles forming a downward-pointing configuration around a central square.
Agent-led (75%),0.75,40,agent_8,agent,an asymmetrical geometric figure with triangles forming a downward-pointing configuration around a central square.
Agent-led (75%),0.75,36,agent_9,agent,"the image depicts an abstract geometric design with triangles forming an asymmetrical pattern around a central square, suggesting a downward-pointing arrow."
Agent-led (75%),0.75,37,agent_9,agent,"the image depicts an abstract geometric composition with triangles forming an asymmetrical pattern around a central square, suggesting a downward-pointing arrow."
Agent-led (75%),0.75,38,agent_9,agent,"the image depicts an abstract geometric composition with triangles forming an asymmetrical pattern around a central square, suggesting a downward-pointing arrow."
Agent-led (75%),0.75,39,agent_9,agent,"the image depicts an abstract geometric composition with triangles forming an asymmetrical pattern around a central square, suggesting a downward-pointing arrow."
Agent-led (75%),0.75,40,agent_9,agent,"the image depicts an abstract geometric composition with triangles forming an asymmetrical pattern around a central square, suggesting a downward-pointing arrow."
Agent-led (75%),0.75,36,agent_12,agent,"the image displays an asymmetrical arrangement of shapes, centered on a square and featuring multiple triangles."
Agent-led (75%),0.75,37,agent_12,agent,"the image displays an asymmetrical arrangement of shapes, centered on a square and featuring multiple triangles pointing downward."
Agent-led (75%),0.75,38,agent_12,agent,"the image displays an asymmetrical arrangement of shapes, centered on a square and featuring multiple triangles pointing downward."
Agent-led (75%),0.75,39,agent_12,agent,"the image displays an asymmetrical arrangement of shapes, centered on a square and featuring multiple triangles pointing downward."
Agent-led (75%),0.75,40,agent_12,agent,"the image features an asymmetrical geometric arrangement, centered on a square, with triangles pointing downward in a consistent pattern."
Agent-led (75%),0.75,36,agent_6,agent,the image displays an asymmetrical geometric pattern with a central square surrounded by interlocking triangles pointing downward.
Agent-led (75%),0.75,37,agent_6,agent,the image displays an asymmetrical geometric pattern with a central square and interlocking triangles pointing downward.
Agent-led (75%),0.75,38,agent_6,agent,the image displays an asymmetrical geometric pattern with a central square surrounded by interlocking triangles pointing downward.
Agent-led (75%),0.75,39,agent_6,agent,the image displays an asymmetrical geometric pattern with a central square surrounded by interlocking triangles pointing downward.
Agent-led (75%),0.75,40,agent_6,agent,the image displays an asymmetrical geometric pattern with a central square surrounded by interlocking triangles pointing downward.
Agent-led (75%),0.75,36,agent_10,agent,the image displays geometric shapes forming an asymmetrical pattern with a central square and triangles.
Agent-led (75%),0.75,37,agent_10,agent,the image depicts geometric shapes forming an asymmetrical pattern with a central square surrounded by triangles pointing downward.
Agent-led (75%),0.75,38,agent_10,agent,the image displays geometric shapes forming an asymmetrical pattern with a central square surrounded by triangles pointing downward.
Agent-led (75%),0.75,39,agent_10,agent,the image displays geometric shapes forming an asymmetrical pattern with a central square surrounded by triangles pointing downward.
Agent-led (75%),0.75,40,agent_10,agent,the image displays geometric shapes forming an asymmetrical pattern with a central square surrounded by triangles pointing downward.
Agent-led (75%),0.75,36,agent_7,agent,the image displays an asymmetrical geometric pattern with a central square surrounded by multiple gray triangles pointing downward and horizontally.
Agent-led (75%),0.75,37,agent_7,agent,"the image displays an asymmetrical geometric pattern with a central square surrounded by multiple triangles, some pointing downward."
Agent-led (75%),0.75,38,agent_7,agent,the image displays an asymmetrical pattern with a central square surrounded by triangles pointing downward.
Agent-led (75%),0.75,39,agent_7,agent,the image displays an asymmetrical geometric pattern with a central square surrounded by multiple gray triangles pointing in various directions.
Agent-led (75%),0.75,40,agent_7,agent,the image displays an asymmetrical geometric pattern with a central square surrounded by multiple gray triangles pointing in various directions.
Agent-led (75%),0.75,36,agent_4,agent,the image depicts an asymmetrical pattern with interconnected triangles forming a downward-pointing triangular arrangement around a central square.
Agent-led (75%),0.75,37,agent_4,agent,the image depicts an asymmetrical pattern with interconnected triangles forming a central square and pointing in multiple directions.
Agent-led (75%),0.75,38,agent_4,agent,the image showcases an asymmetrical arrangement of interconnected triangles forming a central square.
Agent-led (75%),0.75,39,agent_4,agent,the image depicts an asymmetrical pattern with interconnected triangles forming a central square and pointing in multiple directions.
Agent-led (75%),0.75,40,agent_4,agent,"the image depicts an asymmetrical pattern with interconnected triangles forming a central square and pointing in multiple directions, particularly downward."
Agent-led (75%),0.75,36,agent_0,agent,the image displays a structured pattern of interconnected triangles forming a central square against a dark background.
Agent-led (75%),0.75,37,agent_0,agent,the image displays a structured arrangement of interconnected triangles forming a central square against a dark background.
Agent-led (75%),0.75,38,agent_0,agent,the image displays a structured arrangement of interconnected triangles forming a central square against a dark background.
Agent-led (75%),0.75,39,agent_0,agent,the image displays a structured arrangement of interconnected triangles forming a central square against a dark background.
Agent-led (75%),0.75,40,agent_0,agent,the image depicts interconnected triangles forming a central square against a dark background.
Agent-led (75%),0.75,36,agent_3,agent,"the black and grey geometric pattern depicts an asymmetrical arrangement of triangles and a square, forming a structure that extends downward."
Agent-led (75%),0.75,37,agent_3,agent,"the black and grey geometric pattern depicts an asymmetrical arrangement of triangles and a square, forming a structure that extends downward."
Agent-led (75%),0.75,38,agent_3,agent,"the black and grey geometric pattern depicts an asymmetrical arrangement of triangles and a square, forming a structure that extends downward."
Agent-led (75%),0.75,39,agent_3,agent,"the black and grey geometric pattern depicts an asymmetrical arrangement of triangles and a square, forming a downward-pointing structure."
Agent-led (75%),0.75,40,agent_3,agent,"the black and grey geometric pattern exhibits an asymmetrical arrangement of triangles and a central square, forming a structure that extends downward."
Agent-led (75%),0.75,36,agent_1,agent,"the image displays geometric shapes, including triangles and a square, arranged in an asymmetrical, grayscale composition pointing downward."
Agent-led (75%),0.75,37,agent_1,agent,"the image displays geometric shapes, including triangles and a square, arranged in an asymmetrical, grayscale composition pointing downward."
Agent-led (75%),0.75,38,agent_1,agent,"the image displays geometric shapes, including triangles and a square, arranged in an asymmetrical, grayscale composition pointing downward."
Agent-led (75%),0.75,39,agent_1,agent,the image presents a geometric design with interlocking triangles and a central square pointing downward in a grayscale composition.
Agent-led (75%),0.75,40,agent_1,agent,"the image displays geometric shapes, including triangles and a square, arranged in an asymmetrical, grayscale composition pointing downward."
Agent-led (75%),0.75,36,agent_2,agent,the image shows a black and grey geometric pattern with a central square and interlocking triangles pointing downward in an asymmetrical arrangement.
Agent-led (75%),0.75,37,agent_2,agent,the image shows a black and grey geometric pattern with interlocking triangles and a central square.
Agent-led (75%),0.75,38,agent_2,agent,"the image displays a black and grey geometric arrangement with interlocking triangles surrounding a central square, forming an asymmetrical pattern pointing downward."
Agent-led (75%),0.75,39,agent_2,agent,"the image displays a black and grey geometric pattern with interlocking triangles above and below a central square, forming an asymmetrical arrangement pointing downward."
Agent-led (75%),0.75,40,agent_2,agent,the image shows a black and grey geometric pattern with interlocking triangles and a central square forming an asymmetrical pattern pointing downward.
Agent-led (75%),0.75,36,agent_5,agent,the image depicts an abstract geometric assembly of interlocking triangles forming downward-pointing structures.
Agent-led (75%),0.75,37,agent_5,agent,the image depicts an abstract geometric assembly of interlocking triangles forming downward-pointing structures.
Agent-led (75%),0.75,38,agent_5,agent,"the image depicts an abstract geometric assembly of interlocking triangles and a square, forming downward-pointing structures."
Agent-led (75%),0.75,39,agent_5,agent,the image depicts an abstract geometric assembly of interlocking triangles and a square forming an asymmetrical downward-pointing structure.
Agent-led (75%),0.75,40,agent_5,agent,the image depicts an abstract geometric assembly of interlocking triangles forming downward-pointing structures.
Agent-led (75%),0.75,36,human_0,human,"an abstract creature or figure, with the body and the head of animal."
Agent-led (75%),0.75,37,human_0,human,"gray geometric patterns are arranged in the background, separated by thin white lines."
Agent-led (75%),0.75,38,human_0,human,gray geometric patterns are arranged irregularly against a black background.
Agent-led (75%),0.75,39,human_0,human,"gray geometric patterns are arranged irregularly, forming an unstable geometric structure."
Agent-led (75%),0.75,40,human_0,human,gray triangles and squares are arranged irregularly to form an abstract geometric image.
Agent-led (75%),0.75,36,agent_16,agent,the central square is surrounded by scattered triangular shapes forming an asymmetrical geometric pattern.
Agent-led (75%),0.75,37,agent_16,agent,the central square is surrounded by scattered triangular shapes forming an asymmetrical geometric pattern.
Agent-led (75%),0.75,38,agent_16,agent,the central square is surrounded by scattered triangular shapes forming an asymmetrical geometric pattern.
Agent-led (75%),0.75,39,agent_16,agent,"the square is at the center, surrounded by triangles in an asymmetrical geometric arrangement."
Agent-led (75%),0.75,40,agent_16,agent,the central square is surrounded by scattered triangles forming an asymmetrical geometric pattern.
Agent-led (75%),0.75,36,agent_14,agent,a geometric figure shows a central square surrounded by gray triangles in an asymmetrical arrangement with one triangle pointing upwards.
Agent-led (75%),0.75,37,agent_14,agent,the image shows a central square surrounded by gray triangles in an asymmetrical arrangement.
Agent-led (75%),0.75,38,agent_14,agent,a central square is surrounded by gray triangles forming an asymmetrical downward-pointing geometric pattern.
Agent-led (75%),0.75,39,agent_14,agent,a central square is surrounded by gray triangles in an asymmetrical arrangement featuring one triangle pointing upward.
Agent-led (75%),0.75,40,agent_14,agent,a central square is surrounded by gray triangles forming an asymmetrical geometric pattern.
Pure-agent (100%),1.0,36,agent_22,agent,"Interlocking black triangles create a forward-leaning, cascading dynamic pattern."
Pure-agent (100%),1.0,37,agent_22,agent,Interlocking black triangles form a forward-leaning dynamic pattern in cascading movement.
Pure-agent (100%),1.0,38,agent_22,agent,Interlocking black triangles dynamically create a forward-leaning cascading abstract pattern.
Pure-agent (100%),1.0,39,agent_22,agent,Interlocking black triangles form a dynamic forward-leaning cascading abstract pattern.
Pure-agent (100%),1.0,40,agent_22,agent,Interlocking black triangles dynamically form a forward-leaning cascading abstract shape.
Pure-agent (100%),1.0,36,agent_12,agent,Interlocking black triangles dynamically form a forward-leaning cascading abstract shape.
Pure-agent (100%),1.0,37,agent_12,agent,Interlocking black triangles create a dynamic forward-leaning cascading abstract shape.
Pure-agent (100%),1.0,38,agent_12,agent,Interlocking black triangles dynamically form a forward-leaning cascading abstract pattern.
Pure-agent (100%),1.0,39,agent_12,agent,"Interlocking black triangles form a dynamic, cascading abstract silhouette leaning forward."
Pure-agent (100%),1.0,40,agent_12,agent,"Interlocking black triangles create a dynamic, forward-leaning cascading pattern."
Pure-agent (100%),1.0,36,agent_18,agent,"Interlocking black triangles form a dynamic, forward-leaning abstract design in descending tiers."
Pure-agent (100%),1.0,37,agent_18,agent,"Interlocking black triangles create a dynamic, cascading, forward-leaning abstract pattern."
Pure-agent (100%),1.0,38,agent_18,agent,"Interlocking black triangles create a dynamic, forward-leaning, cascading abstract pattern."
Pure-agent (100%),1.0,39,agent_18,agent,"Interlocking black triangles form a dynamic, forward-leaning abstract figure in descending steps."
Pure-agent (100%),1.0,40,agent_18,agent,"Interlocking black triangles create a dynamic, forward-leaning pattern in descending tiers."
Pure-agent (100%),1.0,36,agent_8,agent,Interlocking black triangles create a dynamic cascading figure leaning forward.
Pure-agent (100%),1.0,37,agent_8,agent,"Interlocking black triangles form a cascading, dynamic abstract figure leaning forward."
Pure-agent (100%),1.0,38,agent_8,agent,Interlocking black triangles form a dynamic cascading silhouette leaning forward.
Pure-agent (100%),1.0,39,agent_8,agent,"Black triangles interlock to form a dynamic, forward-leaning cascading silhouette."
Pure-agent (100%),1.0,40,agent_8,agent,Interlocking black shapes create a forward-leaning cascading abstract design.
Pure-agent (100%),1.0,36,agent_17,agent,"Interlocking black triangles create a dynamic, forward-leaning cascading pattern."
Pure-agent (100%),1.0,37,agent_17,agent,Interlocking black triangles form a cascading abstract pattern leaning forward in tiers.
Pure-agent (100%),1.0,38,agent_17,agent,Overlapping black triangles form a forward-leaning dynamic cascading arrangement in tiers.
Pure-agent (100%),1.0,39,agent_17,agent,"Interlocking black triangles create a cascading, forward-leaning abstract pattern in descending tiers."
Pure-agent (100%),1.0,40,agent_17,agent,Interlocking black triangles form a forward-leaning dynamic cascading design descending diagonally.
Pure-agent (100%),1.0,36,agent_1,agent,Interlocking black triangles form a forward-leaning cascading abstract design descending diagonally.
Pure-agent (100%),1.0,37,agent_1,agent,"Interlocking black triangles create a dynamic, forward-leaning abstract figure descending diagonally."
Pure-agent (100%),1.0,38,agent_1,agent,"Interlocking black triangles form a dynamic, cascading abstract design leaning forward and descending diagonally."
Pure-agent (100%),1.0,39,agent_1,agent,"Interlocking black triangles form a dynamic, forward-leaning, cascading abstract design descending diagonally."
Pure-agent (100%),1.0,40,agent_1,agent,"Interlocking black triangles create a dynamic, forward-leaning abstract pattern in cascading tiers."
Pure-agent (100%),1.0,36,agent_7,agent,Interlocking black triangles dynamically form a cascading abstract figure leaning forward.
Pure-agent (100%),1.0,37,agent_7,agent,"Interlocking black triangles dynamically form a forward-leaning, cascading abstract figure."
Pure-agent (100%),1.0,38,agent_7,agent,"Interlocking black triangles create a forward-leaning, cascading abstract figure."
Pure-agent (100%),1.0,39,agent_7,agent,Interlocking black triangles dynamically form a forward-leaning cascading abstract pattern.
Pure-agent (100%),1.0,40,agent_7,agent,Interlocking black triangles form a forward-leaning cascading abstract pattern.
Pure-agent (100%),1.0,36,agent_23,agent,"Interlocking black triangles form a dynamic, forward-leaning abstract figure cascading in descent."
Pure-agent (100%),1.0,37,agent_23,agent,"Interlocking black triangles form a dynamic, forward-leaning pattern cascading in motion."
Pure-agent (100%),1.0,38,agent_23,agent,Interlocking black triangles create a forward-leaning abstract shape cascading dynamically.
Pure-agent (100%),1.0,39,agent_23,agent,"Interlocking black triangles form a dynamic, forward-leaning pattern cascading downward."
Pure-agent (100%),1.0,40,agent_23,agent,Interlocking black triangles form a forward-leaning dynamic cascading pattern.
Pure-agent (100%),1.0,36,agent_10,agent,"Interlocking black triangles form a dynamic, forward-leaning cascading figure."
Pure-agent (100%),1.0,37,agent_10,agent,"Interlocking black triangles create a dynamic, forward-leaning cascading pattern below."
Pure-agent (100%),1.0,38,agent_10,agent,"Interlocking black triangles form a dynamic, cascading pattern diagonally forward."
Pure-agent (100%),1.0,39,agent_10,agent,"Interlocking black triangles form a dynamic, forward-leaning cascading pattern."
Pure-agent (100%),1.0,40,agent_10,agent,"Interlocking black triangles create a dynamic, cascading pattern that leans forward."
Pure-agent (100%),1.0,36,agent_4,agent,"Interlocking black triangles form a dynamic, forward-leaning shape in descending motion."
Pure-agent (100%),1.0,37,agent_4,agent,"Interlocking black triangles create a dynamic, forward-leaning figure in a cascading pattern."
Pure-agent (100%),1.0,38,agent_4,agent,Interlocking black triangles form a dynamic cascading figure leaning forward.
Pure-agent (100%),1.0,39,agent_4,agent,"Interlocking black triangles form a dynamic, forward-leaning abstract shape in cascading tiers."
Pure-agent (100%),1.0,40,agent_4,agent,Interlocking black triangles create a dynamic cascading shape leaning forward in descending tiers.
Pure-agent (100%),1.0,36,agent_21,agent,"Interlocking black triangles create a dynamic, forward-leaning abstract figure."
Pure-agent (100%),1.0,37,agent_21,agent,"Interlocking black triangles form a dynamic, forward-leaning abstract pattern in cascading tiers."
Pure-agent (100%),1.0,38,agent_21,agent,"Interlocking black triangles create a dynamic, forward-leaning abstract pattern in descending tiers."
Pure-agent (100%),1.0,39,agent_21,agent,"Interlocking black triangles build a dynamic, forward-leaning abstract pattern in cascading tiers."
Pure-agent (100%),1.0,40,agent_21,agent,"Interlocking black triangles form a dynamic, forward-leaning abstract pattern."
Pure-agent (100%),1.0,36,agent_2,agent,"Interlocking black triangles create a dynamic, forward-leaning abstract pattern in cascading tiers."
Pure-agent (100%),1.0,37,agent_2,agent,"Interlocking black triangles form a cascading, forward-leaning abstract pattern."
Pure-agent (100%),1.0,38,agent_2,agent,"Interlocking black triangles create a dynamic, forward-leaning abstract pattern in cascading tiers."
Pure-agent (100%),1.0,39,agent_2,agent,"Interlocking black triangles form a dynamic, cascading pattern leaning diagonally forward."
Pure-agent (100%),1.0,40,agent_2,agent,"Interlocking black triangles form a dynamic, forward-leaning, cascading abstract pattern."
Pure-agent (100%),1.0,36,agent_5,agent,Interlocking black triangles dynamically form a forward-leaning cascading abstract figure.
Pure-agent (100%),1.0,37,agent_5,agent,"Interlocking black triangles create a cascading, forward-leaning abstract figure."
Pure-agent (100%),1.0,38,agent_5,agent,"Interlocking black triangles dynamically form a forward-leaning, cascading abstract figure moving diagonally downward."
Pure-agent (100%),1.0,39,agent_5,agent,Interlocking black triangles form a cascading abstract figure leaning forward and downward.
Pure-agent (100%),1.0,40,agent_5,agent,"Interlocking black triangles dynamically form a forward-leaning, cascading abstract figure moving diagonally."
Pure-agent (100%),1.0,36,agent_11,agent,"Interlocking black triangles form a forward-leaning, dynamic abstract figure cascading diagonally."
Pure-agent (100%),1.0,37,agent_11,agent,"Interlocking black triangles create a dynamic, forward-leaning cascading abstract design."
Pure-agent (100%),1.0,38,agent_11,agent,"Interlocking black triangles form a dynamic, forward-leaning cascading abstract pattern."
Pure-agent (100%),1.0,39,agent_11,agent,Interlocking black triangles create a forward-leaning dynamic cascading abstract shape.
Pure-agent (100%),1.0,40,agent_11,agent,Interlocking black triangles create a forward-leaning cascading dynamic abstract shape.
Pure-agent (100%),1.0,36,agent_14,agent,"Interlocking black triangles create a dynamic forward-leaning, cascading abstract pattern."
Pure-agent (100%),1.0,37,agent_14,agent,"Interlocking black triangles form a dynamic, forward-leaning cascading abstract figure."
Pure-agent (100%),1.0,38,agent_14,agent,Interlocking black triangles form a dynamic cascading silhouette leaning forward.
Pure-agent (100%),1.0,39,agent_14,agent,"Interlocking black triangles create a dynamic, forward-leaning cascading pattern."
Pure-agent (100%),1.0,40,agent_14,agent,"Interlocking black triangles create a dynamic, forward-leaning, cascading pattern."
Pure-agent (100%),1.0,36,agent_19,agent,"Interlocking black triangles create a dynamic, forward-leaning cascading pattern."
Pure-agent (100%),1.0,37,agent_19,agent,Interlocking black triangles create a dynamic forward-leaning cascading pattern.
Pure-agent (100%),1.0,38,agent_19,agent,Interlocking black triangles create a dynamic forward-leaning cascading pattern.
Pure-agent (100%),1.0,39,agent_19,agent,Interlocking black triangles form a dynamic cascading pattern leaning diagonally forward.
Pure-agent (100%),1.0,40,agent_19,agent,Interlocking black triangles create a dynamic forward-leaning cascading pattern.
Pure-agent (100%),1.0,36,agent_16,agent,"Interlocking black triangles form a dynamic, cascading pattern pointing downward."
Pure-agent (100%),1.0,37,agent_16,agent,"Interlocking black triangles form a dynamic, forward-leaning cascading pattern,"
Pure-agent (100%),1.0,38,agent_16,agent,"Interlocking black triangles create a forward-leaning, cascading abstract design pointing downward."
Pure-agent (100%),1.0,39,agent_16,agent,"Interlocking black triangles form a cascading pattern, forward-leaning and leaning downward."
Pure-agent (100%),1.0,40,agent_16,agent,"Interlocking black triangles create a dynamic, forward-leaning cascading abstract figure."
Pure-agent (100%),1.0,36,agent_24,agent,Interlocking black triangles form a forward-leaning dynamic cascading pattern.
Pure-agent (100%),1.0,37,agent_24,agent,"Interlocking black triangles create a forward-leaning, dynamic, cascading abstract design."
Pure-agent (100%),1.0,38,agent_24,agent,"Interlocking black triangles create a dynamic, forward-leaning abstract design in cascading motion."
Pure-agent (100%),1.0,39,agent_24,agent,"Interlocking black triangles form a cascading, forward-leaning abstract design pointing downward."
Pure-agent (100%),1.0,40,agent_24,agent,"Interlocking black triangles create a dynamic, cascading design leaning forward and pointing downward."
Pure-agent (100%),1.0,36,agent_9,agent,"Interlocking black triangles form a forward-leaning, dynamic, cascading abstract figure."
Pure-agent (100%),1.0,37,agent_9,agent,"Interlocking black triangles form a dynamic, cascading abstract figure leaning forward."
Pure-agent (100%),1.0,38,agent_9,agent,"Interlocking black triangles form a dynamic, forward-leaning, cascading abstract figure."
Pure-agent (100%),1.0,39,agent_9,agent,"Interlocking black triangles form a dynamic, forward-leaning abstract figure in cascading tiers."
Pure-agent (100%),1.0,40,agent_9,agent,"Interlocking black triangles form a dynamic, cascading figure leaning forward."
Pure-agent (100%),1.0,36,agent_3,agent,"Interlocking black triangles create a cascading, forward-leaning dynamic form."
Pure-agent (100%),1.0,37,agent_3,agent,"Interlocking black triangles form a forward-leaning, dynamic, cascading abstract figure."
Pure-agent (100%),1.0,38,agent_3,agent,"Interlocking black triangles form a dynamic, cascading abstract pattern forward-leaning."
Pure-agent (100%),1.0,39,agent_3,agent,"Interlocking black triangles form a cascading, forward-leaning abstract figure."
Pure-agent (100%),1.0,40,agent_3,agent,"Interlocking black triangles form a forward-leaning, cascading abstract design."
Pure-agent (100%),1.0,36,agent_13,agent,"Interlocking black triangles form a dynamic, forward-leaning cascade."
Pure-agent (100%),1.0,37,agent_13,agent,"Interlocking black triangles create a dynamic, forward-leaning cascading pattern."
Pure-agent (100%),1.0,38,agent_13,agent,"Interlocking black triangles form a dynamic, forward-leaning cascading pattern."
Pure-agent (100%),1.0,39,agent_13,agent,Interlocking black triangles create a dynamic forward-leaning cascading abstract shape.
Pure-agent (100%),1.0,40,agent_13,agent,Interlocking black triangles form a dynamic cascading pattern leaning forward and downward.
Pure-agent (100%),1.0,36,agent_20,agent,Interlocking black triangles form a dynamic cascading abstract silhouette leaning forward.
Pure-agent (100%),1.0,37,agent_20,agent,"Interlocking black triangles form a dynamic, forward-leaning cascading pattern."
Pure-agent (100%),1.0,38,agent_20,agent,"Interlocking black triangles form a dynamic, cascading abstract silhouette leaning forward."
Pure-agent (100%),1.0,39,agent_20,agent,Interlocking black triangles form a dynamic cascading silhouette leaning forward.
Pure-agent (100%),1.0,40,agent_20,agent,"Interlocking black triangles form a dynamic, forward-leaning cascading pattern."
Pure-agent (100%),1.0,36,agent_15,agent,"Interlocking black triangles form a diagonal, cascading abstract pattern leaning forward."
Pure-agent (100%),1.0,37,agent_15,agent,"Interlocking black triangles form a dynamic, forward-leaning pattern in a cascading arrangement."
Pure-agent (100%),1.0,38,agent_15,agent,"Interlocking black triangles form a cascading, forward-leaning abstract pattern in tiers."
Pure-agent (100%),1.0,39,agent_15,agent,"Interlocking black triangles create a dynamic, forward-leaning pattern in a cascading arrangement."
Pure-agent (100%),1.0,40,agent_15,agent,"Interlocking black triangles form a dynamic, forward-leaning cascade in tiers."
Pure-agent (100%),1.0,36,agent_6,agent,Interlocking black triangles form a dynamic abstract figure cascading forward.
Pure-agent (100%),1.0,37,agent_6,agent,"Interlocking black triangles form a forward-leaning, cascading, abstract figure with dynamic movement."
Pure-agent (100%),1.0,38,agent_6,agent,"Interlocking black triangles create a cascading, forward-leaning abstract pattern with dynamic motion."
Pure-agent (100%),1.0,39,agent_6,agent,"Interlocking black triangles create a forward-leaning, dynamic, cascading abstract pattern."
Pure-agent (100%),1.0,40,agent_6,agent,"Interlocking black triangles form a forward-leaning, cascading abstract figure."
